16816,1,221,0.01,Electricity,kWh
16816,2,222,0.01,Electricity,kWh
16816,3,223,0.01,Electricity,kWh
16816,4,224,0.01,Electricity,kWh
16816,5,225,0.01,Electricity,kWh
16817,1,226,0.01,Electricity,kWh
16817,2,227,0.01,Electricity,kWh
16817,3,228,0.01,Electricity,kWh
16817,4,229,0.01,Electricity,kWh
16817,5,230,0.01,Electricity,kWh
16915,1,201,0.01,Electricity,kWh
16915,2,202,0.01,Electricity,kWh
16915,3,203,0.01,Electricity,kWh
16915,4,204,0.01,Electricity,kWh
16915,5,205,0.01,Electricity,kWh
16915,6,206,0.01,Electricity,kWh
16915,7,207,0.01,Electricity,kWh
16915,8,208,0.01,Electricity,kWh
16916,1,211,0.01,Electricity,kWh
16916,2,212,0.01,Electricity,kWh
16916,3,213,0.01,Electricity,kWh
16916,4,214,0.01,Electricity,kWh
16916,5,215,0.01,Electricity,kWh
16916,6,216,0.01,Electricity,kWh
16916,7,217,0.01,Electricity,kWh
16916,8,218,0.01,Electricity,kWh
16873,3,209,0.01,Electricity,kWh
16873,4,210,0.01,Electricity,kWh
16873,6,219,0.01,Electricity,kWh
16873,7,220,0.01,Electricity,kWh
16820,1,321,0.01,Electricity,kWh
16820,2,322,0.01,Electricity,kWh
16820,3,323,0.01,Electricity,kWh
16820,4,324,0.01,Electricity,kWh
16820,5,325,0.01,Electricity,kWh
16821,1,326,0.01,Electricity,kWh
16821,2,327,0.01,Electricity,kWh
16821,3,328,0.01,Electricity,kWh
16821,4,329,0.01,Electricity,kWh
16821,5,330,0.01,Electricity,kWh
16826,1,301,0.01,Electricity,kWh
16826,2,302,0.01,Electricity,kWh
16826,3,303,0.01,Electricity,kWh
16826,4,304,0.01,Electricity,kWh
16826,5,305,0.01,Electricity,kWh
16826,6,306,0.01,Electricity,kWh
16826,7,307,0.01,Electricity,kWh
16826,8,308,0.01,Electricity,kWh
16827,1,311,0.01,Electricity,kWh
16827,2,312,0.01,Electricity,kWh
16827,3,313,0.01,Electricity,kWh
16827,4,314,0.01,Electricity,kWh
16827,5,315,0.01,Electricity,kWh
16827,6,316,0.01,Electricity,kWh
16827,7,317,0.01,Electricity,kWh
16827,8,318,0.01,Electricity,kWh
15452,3,309,0.01,Electricity,kWh
15452,4,310,0.01,Electricity,kWh
15452,6,319,0.01,Electricity,kWh
15452,7,320,0.01,Electricity,kWh
16879,1,421,0.01,Electricity,kWh
16879,2,422,0.01,Electricity,kWh
16879,3,423,0.01,Electricity,kWh
16879,4,424,0.01,Electricity,kWh
16879,5,425,0.01,Electricity,kWh
16880,1,426,0.01,Electricity,kWh
16880,2,427,0.01,Electricity,kWh
16880,3,428,0.01,Electricity,kWh
16880,4,429,0.01,Electricity,kWh
16880,5,430,0.01,Electricity,kWh
16804,1,401,0.01,Electricity,kWh
16804,2,402,0.01,Electricity,kWh
16804,3,403,0.01,Electricity,kWh
16804,4,404,0.01,Electricity,kWh
16804,5,405,0.01,Electricity,kWh
16804,6,406,0.01,Electricity,kWh
16804,7,407,0.01,Electricity,kWh
16804,8,408,0.01,Electricity,kWh
16805,1,411,0.01,Electricity,kWh
16805,2,412,0.01,Electricity,kWh
16805,3,413,0.01,Electricity,kWh
16805,4,414,0.01,Electricity,kWh
16805,5,415,0.01,Electricity,kWh
16805,6,416,0.01,Electricity,kWh
16805,7,417,0.01,Electricity,kWh
16805,8,418,0.01,Electricity,kWh
16877,3,409,0.01,Electricity,kWh
16877,4,410,0.01,Electricity,kWh
16877,6,419,0.01,Electricity,kWh
16877,7,420,0.01,Electricity,kWh
16824,1,521,0.01,Electricity,kWh
16824,2,522,0.01,Electricity,kWh
16824,3,523,0.01,Electricity,kWh
16824,4,524,0.01,Electricity,kWh
16824,5,525,0.01,Electricity,kWh
16825,1,526,0.01,Electricity,kWh
16825,2,527,0.01,Electricity,kWh
16825,3,528,0.01,Electricity,kWh
16825,4,529,0.01,Electricity,kWh
16825,5,530,0.01,Electricity,kWh
16806,1,501,0.01,Electricity,kWh
16806,2,502,0.01,Electricity,kWh
16806,3,503,0.01,Electricity,kWh
16806,4,504,0.01,Electricity,kWh
16806,5,505,0.01,Electricity,kWh
16806,6,506,0.01,Electricity,kWh
16806,7,507,0.01,Electricity,kWh
16806,8,508,0.01,Electricity,kWh
16899,1,511,0.01,Electricity,kWh
16899,2,512,0.01,Electricity,kWh
16899,3,513,0.01,Electricity,kWh
16899,4,514,0.01,Electricity,kWh
16899,5,515,0.01,Electricity,kWh
16899,6,516,0.01,Electricity,kWh
16899,7,517,0.01,Electricity,kWh
16899,8,518,0.01,Electricity,kWh
16900,3,509,0.01,Electricity,kWh
16900,4,510,0.01,Electricity,kWh
16900,6,519,0.01,Electricity,kWh
16900,7,520,0.01,Electricity,kWh
16896,1,621,0.01,Electricity,kWh
16896,2,622,0.01,Electricity,kWh
16896,3,623,0.01,Electricity,kWh
16896,4,624,0.01,Electricity,kWh
16896,5,625,0.01,Electricity,kWh
16897,1,626,0.01,Electricity,kWh
16897,2,627,0.01,Electricity,kWh
16897,3,628,0.01,Electricity,kWh
16897,4,629,0.01,Electricity,kWh
16897,5,630,0.01,Electricity,kWh
16802,1,601,0.01,Electricity,kWh
16802,2,602,0.01,Electricity,kWh
16802,3,603,0.01,Electricity,kWh
16802,4,604,0.01,Electricity,kWh
16802,5,605,0.01,Electricity,kWh
16802,6,606,0.01,Electricity,kWh
16802,7,607,0.01,Electricity,kWh
16802,8,608,0.01,Electricity,kWh
16803,1,611,0.01,Electricity,kWh
16803,2,612,0.01,Electricity,kWh
16803,3,613,0.01,Electricity,kWh
16803,4,614,0.01,Electricity,kWh
16803,5,615,0.01,Electricity,kWh
16803,6,616,0.01,Electricity,kWh
16803,7,617,0.01,Electricity,kWh
16803,8,618,0.01,Electricity,kWh
16872,3,609,0.01,Electricity,kWh
16872,4,610,0.01,Electricity,kWh
16872,6,619,0.01,Electricity,kWh
16872,7,620,0.01,Electricity,kWh
16875,1,721,0.01,Electricity,kWh
16875,2,722,0.01,Electricity,kWh
16875,3,723,0.01,Electricity,kWh
16875,4,724,0.01,Electricity,kWh
16875,5,725,0.01,Electricity,kWh
16876,1,726,0.01,Electricity,kWh
16876,2,727,0.01,Electricity,kWh
16876,3,728,0.01,Electricity,kWh
16876,4,729,0.01,Electricity,kWh
16876,5,730,0.01,Electricity,kWh
16893,1,701,0.01,Electricity,kWh
16893,2,702,0.01,Electricity,kWh
16893,3,703,0.01,Electricity,kWh
16893,4,704,0.01,Electricity,kWh
16893,5,705,0.01,Electricity,kWh
16893,6,706,0.01,Electricity,kWh
16893,7,707,0.01,Electricity,kWh
16893,8,708,0.01,Electricity,kWh
16895,1,711,0.01,Electricity,kWh
16895,2,712,0.01,Electricity,kWh
16895,3,713,0.01,Electricity,kWh
16895,4,714,0.01,Electricity,kWh
16895,5,715,0.01,Electricity,kWh
16895,6,716,0.01,Electricity,kWh
16895,7,717,0.01,Electricity,kWh
16895,8,718,0.01,Electricity,kWh
16807,3,709,0.01,Electricity,kWh
16807,4,710,0.01,Electricity,kWh
16807,6,719,0.01,Electricity,kWh
16807,7,720,0.01,Electricity,kWh
16818,1,821,0.01,Electricity,kWh
16818,2,822,0.01,Electricity,kWh
16818,3,823,0.01,Electricity,kWh
16818,4,824,0.01,Electricity,kWh
16818,5,825,0.01,Electricity,kWh
16819,1,826,0.01,Electricity,kWh
16819,2,827,0.01,Electricity,kWh
16819,3,828,0.01,Electricity,kWh
16819,4,829,0.01,Electricity,kWh
16819,5,830,0.01,Electricity,kWh
16917,1,801,0.01,Electricity,kWh
16917,2,802,0.01,Electricity,kWh
16917,3,803,0.01,Electricity,kWh
16917,4,804,0.01,Electricity,kWh
16917,5,805,0.01,Electricity,kWh
16917,6,806,0.01,Electricity,kWh
16917,7,807,0.01,Electricity,kWh
16917,8,808,0.01,Electricity,kWh
16918,1,811,0.01,Electricity,kWh
16918,2,812,0.01,Electricity,kWh
16918,3,813,0.01,Electricity,kWh
16918,4,814,0.01,Electricity,kWh
16918,5,815,0.01,Electricity,kWh
16918,6,816,0.01,Electricity,kWh
16918,7,817,0.01,Electricity,kWh
16918,8,818,0.01,Electricity,kWh
16878,3,809,0.01,Electricity,kWh
16878,4,810,0.01,Electricity,kWh
16878,6,819,0.01,Electricity,kWh
16878,7,820,0.01,Electricity,kWh
16828,1,921,0.01,Electricity,kWh
16828,2,922,0.01,Electricity,kWh
16828,3,923,0.01,Electricity,kWh
16828,4,924,0.01,Electricity,kWh
16828,5,925,0.01,Electricity,kWh
16871,1,926,0.01,Electricity,kWh
16871,2,927,0.01,Electricity,kWh
16871,3,928,0.01,Electricity,kWh
16871,4,929,0.01,Electricity,kWh
16871,5,930,0.01,Electricity,kWh
16913,1,901,0.01,Electricity,kWh
16913,2,902,0.01,Electricity,kWh
16913,3,903,0.01,Electricity,kWh
16913,4,904,0.01,Electricity,kWh
16913,5,905,0.01,Electricity,kWh
16913,6,906,0.01,Electricity,kWh
16913,7,907,0.01,Electricity,kWh
16913,8,908,0.01,Electricity,kWh
16914,1,911,0.01,Electricity,kWh
16914,2,912,0.01,Electricity,kWh
16914,3,913,0.01,Electricity,kWh
16914,4,914,0.01,Electricity,kWh
16914,5,915,0.01,Electricity,kWh
16914,6,916,0.01,Electricity,kWh
16914,7,917,0.01,Electricity,kWh
16914,8,918,0.01,Electricity,kWh
16815,3,909,0.01,Electricity,kWh
16815,4,910,0.01,Electricity,kWh
16815,6,919,0.01,Electricity,kWh
16815,7,920,0.01,Electricity,kWh
16812,1,1021,0.01,Electricity,kWh
16812,2,1022,0.01,Electricity,kWh
16812,3,1023,0.01,Electricity,kWh
16812,4,1024,0.01,Electricity,kWh
16812,5,1025,0.01,Electricity,kWh
16813,1,1026,0.01,Electricity,kWh
16813,2,1027,0.01,Electricity,kWh
16813,3,1028,0.01,Electricity,kWh
16813,4,1029,0.01,Electricity,kWh
16813,5,1030,0.01,Electricity,kWh
16911,1,1001,0.01,Electricity,kWh
16911,2,1002,0.01,Electricity,kWh
16911,3,1003,0.01,Electricity,kWh
16911,4,1004,0.01,Electricity,kWh
16911,5,1005,0.01,Electricity,kWh
16911,6,1006,0.01,Electricity,kWh
16911,7,1007,0.01,Electricity,kWh
16911,8,1008,0.01,Electricity,kWh
16912,1,1011,0.01,Electricity,kWh
16912,2,1012,0.01,Electricity,kWh
16912,3,1013,0.01,Electricity,kWh
16912,4,1014,0.01,Electricity,kWh
16912,5,1015,0.01,Electricity,kWh
16912,6,1016,0.01,Electricity,kWh
16912,7,1017,0.01,Electricity,kWh
16912,8,1018,0.01,Electricity,kWh
16814,3,1009,0.01,Electricity,kWh
16814,4,1010,0.01,Electricity,kWh
16814,6,1019,0.01,Electricity,kWh
16814,7,1020,0.01,Electricity,kWh
16891,1,1121,0.01,Electricity,kWh
16891,2,1122,0.01,Electricity,kWh
16891,3,1123,0.01,Electricity,kWh
16891,4,1124,0.01,Electricity,kWh
16891,5,1125,0.01,Electricity,kWh
16892,1,1126,0.01,Electricity,kWh
16892,2,1127,0.01,Electricity,kWh
16892,3,1128,0.01,Electricity,kWh
16892,4,1129,0.01,Electricity,kWh
16892,5,1130,0.01,Electricity,kWh
16810,1,1101,0.01,Electricity,kWh
16810,2,1102,0.01,Electricity,kWh
16810,3,1103,0.01,Electricity,kWh
16810,4,1104,0.01,Electricity,kWh
16810,5,1105,0.01,Electricity,kWh
16810,6,1106,0.01,Electricity,kWh
16810,7,1107,0.01,Electricity,kWh
16810,8,1108,0.01,Electricity,kWh
16811,1,1111,0.01,Electricity,kWh
16811,2,1112,0.01,Electricity,kWh
16811,3,1113,0.01,Electricity,kWh
16811,4,1114,0.01,Electricity,kWh
16811,5,1115,0.01,Electricity,kWh
16811,6,1116,0.01,Electricity,kWh
16811,7,1117,0.01,Electricity,kWh
16811,8,1118,0.01,Electricity,kWh
16898,3,1109,0.01,Electricity,kWh
16898,4,1110,0.01,Electricity,kWh
16898,6,1119,0.01,Electricity,kWh
16898,7,1120,0.01,Electricity,kWh
16822,1,1221,0.01,Electricity,kWh
16822,2,1222,0.01,Electricity,kWh
16822,3,1223,0.01,Electricity,kWh
16822,4,1224,0.01,Electricity,kWh
16822,5,1225,0.01,Electricity,kWh
16823,1,1226,0.01,Electricity,kWh
16823,2,1227,0.01,Electricity,kWh
16823,3,1228,0.01,Electricity,kWh
16823,4,1229,0.01,Electricity,kWh
16823,5,1230,0.01,Electricity,kWh
16808,1,1201,0.01,Electricity,kWh
16808,2,1202,0.01,Electricity,kWh
16808,3,1203,0.01,Electricity,kWh
16808,4,1204,0.01,Electricity,kWh
16808,5,1205,0.01,Electricity,kWh
16808,6,1206,0.01,Electricity,kWh
16808,7,1207,0.01,Electricity,kWh
16808,8,1208,0.01,Electricity,kWh
16809,1,1211,0.01,Electricity,kWh
16809,2,1212,0.01,Electricity,kWh
16809,3,1213,0.01,Electricity,kWh
16809,4,1214,0.01,Electricity,kWh
16809,5,1215,0.01,Electricity,kWh
16809,6,1216,0.01,Electricity,kWh
16809,7,1217,0.01,Electricity,kWh
16809,8,1218,0.01,Electricity,kWh
16874,3,1209,0.01,Electricity,kWh
16874,4,1210,0.01,Electricity,kWh
16874,6,1219,0.01,Electricity,kWh
16874,7,1220,0.01,Electricity,kWh
